BEGIN TRANSACTION;
CREATE TABLE "auth_group" ("id" integer NOT NULL PRIMARY KEY AUTOINCREMENT, "name" varchar(150) NOT NULL UNIQUE);

CREATE TABLE "auth_group_permissions" ("id" integer NOT NULL PRIMARY KEY AUTOINCREMENT, "group_id" integer NOT NULL REFERENCES "auth_group" ("id") DEFERRABLE INITIALLY DEFERRED, "permission_id" integer NOT NULL REFERENCES "auth_permission" ("id") DEFERRABLE INITIALLY DEFERRED);
CREATE TABLE "auth_permission" ("id" integer NOT NULL PRIMARY KEY AUTOINCREMENT, "content_type_id" integer NOT NULL REFERENCES "django_content_type" ("id") DEFERRABLE INITIALLY DEFERRED, "codename" varchar(100) NOT NULL, "name" varchar(255) NOT NULL);
INSERT INTO "auth_permission" VALUES(1,1,'add_stock','Can add stock');
INSERT INTO "auth_permission" VALUES(2,1,'change_stock','Can change stock');
INSERT INTO "auth_permission" VALUES(3,1,'delete_stock','Can delete stock');
INSERT INTO "auth_permission" VALUES(4,1,'view_stock','Can view stock');
INSERT INTO "auth_permission" VALUES(5,2,'add_logentry','Can add log entry');
INSERT INTO "auth_permission" VALUES(6,2,'change_logentry','Can change log entry');
INSERT INTO "auth_permission" VALUES(7,2,'delete_logentry','Can delete log entry');
INSERT INTO "auth_permission" VALUES(8,2,'view_logentry','Can view log entry');
INSERT INTO "auth_permission" VALUES(9,3,'add_permission','Can add permission');
INSERT INTO "auth_permission" VALUES(10,3,'change_permission','Can change permission');
INSERT INTO "auth_permission" VALUES(11,3,'delete_permission','Can delete permission');
INSERT INTO "auth_permission" VALUES(12,3,'view_permission','Can view permission');
INSERT INTO "auth_permission" VALUES(13,4,'add_group','Can add group');
INSERT INTO "auth_permission" VALUES(14,4,'change_group','Can change group');
INSERT INTO "auth_permission" VALUES(15,4,'delete_group','Can delete group');
INSERT INTO "auth_permission" VALUES(16,4,'view_group','Can view group');
INSERT INTO "auth_permission" VALUES(17,5,'add_user','Can add user');
INSERT INTO "auth_permission" VALUES(18,5,'change_user','Can change user');
INSERT INTO "auth_permission" VALUES(19,5,'delete_user','Can delete user');
INSERT INTO "auth_permission" VALUES(20,5,'view_user','Can view user');
INSERT INTO "auth_permission" VALUES(21,6,'add_contenttype','Can add content type');
INSERT INTO "auth_permission" VALUES(22,6,'change_contenttype','Can change content type');
INSERT INTO "auth_permission" VALUES(23,6,'delete_contenttype','Can delete content type');
INSERT INTO "auth_permission" VALUES(24,6,'view_contenttype','Can view content type');
INSERT INTO "auth_permission" VALUES(25,7,'add_session','Can add session');
INSERT INTO "auth_permission" VALUES(26,7,'change_session','Can change session');
INSERT INTO "auth_permission" VALUES(27,7,'delete_session','Can delete session');
INSERT INTO "auth_permission" VALUES(28,7,'view_session','Can view session');
INSERT INTO "auth_permission" VALUES(29,8,'add_product','Can add Товар');
INSERT INTO "auth_permission" VALUES(30,8,'change_product','Can change Товар');
INSERT INTO "auth_permission" VALUES(31,8,'delete_product','Can delete Товар');
INSERT INTO "auth_permission" VALUES(32,8,'view_product','Can view Товар');
INSERT INTO "auth_permission" VALUES(33,9,'add_item','Can add item');
INSERT INTO "auth_permission" VALUES(34,9,'change_item','Can change item');
INSERT INTO "auth_permission" VALUES(35,9,'delete_item','Can delete item');
INSERT INTO "auth_permission" VALUES(36,9,'view_item','Can view item');
INSERT INTO "auth_permission" VALUES(37,10,'add_profilemodel','Can add Профиль');
INSERT INTO "auth_permission" VALUES(38,10,'change_profilemodel','Can change Профиль');
INSERT INTO "auth_permission" VALUES(39,10,'delete_profilemodel','Can delete Профиль');
INSERT INTO "auth_permission" VALUES(40,10,'view_profilemodel','Can view Профиль');
INSERT INTO "auth_permission" VALUES(41,11,'add_item','Can add item');
INSERT INTO "auth_permission" VALUES(42,11,'change_item','Can change item');
INSERT INTO "auth_permission" VALUES(43,11,'delete_item','Can delete item');
INSERT INTO "auth_permission" VALUES(44,11,'view_item','Can view item');
INSERT INTO "auth_permission" VALUES(45,12,'add_salesitem','Can add sales item');
INSERT INTO "auth_permission" VALUES(46,12,'change_salesitem','Can change sales item');
INSERT INTO "auth_permission" VALUES(47,12,'delete_salesitem','Can delete sales item');
INSERT INTO "auth_permission" VALUES(48,12,'view_salesitem','Can view sales item');
CREATE TABLE "auth_user" ("id" integer NOT NULL PRIMARY KEY AUTOINCREMENT, "password" varchar(128) NOT NULL, "last_login" datetime NULL, "is_superuser" bool NOT NULL, "username" varchar(150) NOT NULL UNIQUE, "last_name" varchar(150) NOT NULL, "email" varchar(254) NOT NULL, "is_staff" bool NOT NULL, "is_active" bool NOT NULL, "date_joined" datetime NOT NULL, "first_name" varchar(150) NOT NULL);
INSERT INTO "auth_user" VALUES(1,'pbkdf2_sha256$720000$GKJfD5ROoYxNSyiyjtZ53r$FDE4l+ekRHsV+SpjJHwlBo4/6Prr/54pTcBdoiHdmZY=','2024-05-27 10:07:29.263336',1,'admin','Будич','likol225@mail.ru',1,1,'2024-03-22 12:25:34.864468','Илья');

CREATE TABLE "auth_user_groups" ("id" integer NOT NULL PRIMARY KEY AUTOINCREMENT, "user_id" integer NOT NULL REFERENCES "auth_user" ("id") DEFERRABLE INITIALLY DEFERRED, "group_id" integer NOT NULL REFERENCES "auth_group" ("id") DEFERRABLE INITIALLY DEFERRED);
INSERT INTO "auth_user_groups" VALUES(1,2,1);
CREATE TABLE "auth_user_user_permissions" ("id" integer NOT NULL PRIMARY KEY AUTOINCREMENT, "user_id" integer NOT NULL REFERENCES "auth_user" ("id") DEFERRABLE INITIALLY DEFERRED, "permission_id" integer NOT NULL REFERENCES "auth_permission" ("id") DEFERRABLE INITIALLY DEFERRED);
CREATE TABLE "django_admin_log" ("id" integer NOT NULL PRIMARY KEY AUTOINCREMENT, "object_id" text NULL, "object_repr" varchar(200) NOT NULL, "action_flag" smallint unsigned NOT NULL CHECK ("action_flag" >= 0), "change_message" text NOT NULL, "content_type_id" integer NULL REFERENCES "django_content_type" ("id") DEFERRABLE INITIALLY DEFERRED, "user_id" integer NOT NULL REFERENCES "auth_user" ("id") DEFERRABLE INITIALLY DEFERRED, "action_time" datetime NOT NULL);

CREATE TABLE "django_content_type" ("id" integer NOT NULL PRIMARY KEY AUTOINCREMENT, "app_label" varchar(100) NOT NULL, "model" varchar(100) NOT NULL);
INSERT INTO "django_content_type" VALUES(1,'warehouses','stock');
INSERT INTO "django_content_type" VALUES(2,'admin','logentry');
INSERT INTO "django_content_type" VALUES(3,'auth','permission');
INSERT INTO "django_content_type" VALUES(4,'auth','group');
INSERT INTO "django_content_type" VALUES(5,'auth','user');
INSERT INTO "django_content_type" VALUES(6,'contenttypes','contenttype');
INSERT INTO "django_content_type" VALUES(7,'sessions','session');
INSERT INTO "django_content_type" VALUES(8,'product','product');
INSERT INTO "django_content_type" VALUES(9,'product','item');
INSERT INTO "django_content_type" VALUES(10,'user_app','profilemodel');
INSERT INTO "django_content_type" VALUES(11,'item','item');
INSERT INTO "django_content_type" VALUES(12,'item','salesitem');
CREATE TABLE "django_migrations" ("id" integer NOT NULL PRIMARY KEY AUTOINCREMENT, "app" varchar(255) NOT NULL, "name" varchar(255) NOT NULL, "applied" datetime NOT NULL);
INSERT INTO "django_migrations" VALUES(1,'contenttypes','0001_initial','2024-03-22 12:20:31.665593');
INSERT INTO "django_migrations" VALUES(2,'auth','0001_initial','2024-03-22 12:20:31.745381');
INSERT INTO "django_migrations" VALUES(3,'admin','0001_initial','2024-03-22 12:20:31.816191');
INSERT INTO "django_migrations" VALUES(4,'admin','0002_logentry_remove_auto_add','2024-03-22 12:20:31.860074');
INSERT INTO "django_migrations" VALUES(5,'admin','0003_logentry_add_action_flag_choices','2024-03-22 12:20:31.901962');
INSERT INTO "django_migrations" VALUES(6,'contenttypes','0002_remove_content_type_name','2024-03-22 12:20:31.944847');
INSERT INTO "django_migrations" VALUES(7,'auth','0002_alter_permission_name_max_length','2024-03-22 12:20:32.008683');
INSERT INTO "django_migrations" VALUES(8,'auth','0003_alter_user_email_max_length','2024-03-22 12:20:32.064527');
INSERT INTO "django_migrations" VALUES(9,'auth','0004_alter_user_username_opts','2024-03-22 12:20:32.132346');
INSERT INTO "django_migrations" VALUES(10,'auth','0005_alter_user_last_login_null','2024-03-22 12:20:32.172240');
INSERT INTO "django_migrations" VALUES(11,'auth','0006_require_contenttypes_0002','2024-03-22 12:20:32.220112');
INSERT INTO "django_migrations" VALUES(12,'auth','0007_alter_validators_add_error_messages','2024-03-22 12:20:32.259008');
INSERT INTO "django_migrations" VALUES(13,'auth','0008_alter_user_username_max_length','2024-03-22 12:20:32.296906');
INSERT INTO "django_migrations" VALUES(14,'auth','0009_alter_user_last_name_max_length','2024-03-22 12:20:32.373701');
INSERT INTO "django_migrations" VALUES(15,'auth','0010_alter_group_name_max_length','2024-03-22 12:20:32.431546');
INSERT INTO "django_migrations" VALUES(16,'auth','0011_update_proxy_permissions','2024-03-22 12:20:32.577158');
INSERT INTO "django_migrations" VALUES(17,'auth','0012_alter_user_first_name_max_length','2024-03-22 12:20:32.614059');
INSERT INTO "django_migrations" VALUES(18,'sessions','0001_initial','2024-03-22 12:20:32.676893');
INSERT INTO "django_migrations" VALUES(19,'warehouses','0001_initial','2024-03-22 12:20:32.713792');
INSERT INTO "django_migrations" VALUES(20,'product','0001_initial','2024-03-27 13:55:20.770371');
INSERT INTO "django_migrations" VALUES(21,'warehouses','0002_alter_stock_options_alter_stock_occupancy_status','2024-03-27 13:55:20.854146');
INSERT INTO "django_migrations" VALUES(22,'product','0002_rename_naim_product_name','2024-03-27 13:59:23.084997');
INSERT INTO "django_migrations" VALUES(23,'product','0003_item','2024-03-27 16:45:20.005830');
INSERT INTO "django_migrations" VALUES(24,'product','0004_alter_item_sales_date_alter_item_sales_price','2024-03-27 16:53:13.517339');
INSERT INTO "django_migrations" VALUES(25,'product','0005_item_sold','2024-03-28 15:15:31.907077');
INSERT INTO "django_migrations" VALUES(26,'product','0006_item_soldquantity','2024-03-29 20:48:26.349599');
INSERT INTO "django_migrations" VALUES(27,'product','0007_item_available','2024-03-29 21:25:17.310776');
INSERT INTO "django_migrations" VALUES(28,'product','0008_item_responsible','2024-04-01 18:12:00.421950');
INSERT INTO "django_migrations" VALUES(29,'user_app','0001_initial','2024-05-07 22:44:45.076255');
INSERT INTO "django_migrations" VALUES(30,'user_app','0002_remove_profilemodel_site_link','2024-05-09 08:19:59.003927');
INSERT INTO "django_migrations" VALUES(31,'product','0009_delete_item','2024-05-09 15:17:00.849903');
INSERT INTO "django_migrations" VALUES(32,'item','0001_initial','2024-05-09 15:17:00.984542');
INSERT INTO "django_migrations" VALUES(33,'item','0002_salesitem','2024-05-09 18:24:42.248165');
INSERT INTO "django_migrations" VALUES(34,'item','0003_remove_item_sales_date_remove_item_sales_price_and_more','2024-05-09 18:42:12.538314');
CREATE TABLE "django_session" ("session_key" varchar(40) NOT NULL PRIMARY KEY, "session_data" text NOT NULL, "expire_date" datetime NOT NULL);
INSERT INTO "django_session" VALUES('nfmskyqy3ce5dmrd15e0gnfdgushmvmq','.eJxVjEsOwiAUAO_C2hBo-bp03zOQ93ggVQNJaVfGuxuSLnQ7M5k3C3DsJRw9bWEldmWSXX4ZQnymOgQ9oN4bj63u24p8JPy0nS-N0ut2tn-DAr2MrfHCWAtOq4ik5xlVFGQMShQeyWabjbIRspmchqRpFpjQEWU_KbCSfb7c9Dg3:1rwKpB:_hMfjzCxrijk8OjU6QuajLo1MQDCoUifEWHrZJQqctk','2024-04-29 11:48:37.410261');
INSERT INTO "django_session" VALUES('d2wao9ehybqf4yt7fc4dixd1g1z5kek4','e30:1s2qAu:VsMF7S93qKzdUAkGX8IDhOGHNhG2hoa_7-GPTDzLEvk','2024-05-17 10:29:56.806797');
INSERT INTO "django_session" VALUES('r8mgf976n8adibumtsq8n8kudfsmg1da','e30:1s2qyT:xm-up809xX5qHDZlQYpdlM7j6se9aZs_bcMBxXf4Sls','2024-05-17 11:21:09.278229');
INSERT INTO "django_session" VALUES('sqjo0e3ifepshvepoiwgtip0jr4wajzr','e30:1s2qzq:Sk9EpeWkRcTwb7geh2cT2_vsCNyltGakse06c93ZTPY','2024-05-17 11:22:34.713239');
INSERT INTO "django_session" VALUES('cmzg3zduzbxnd05qwy8afxvchz9meldm','.eJxVjEsOwiAUAO_C2hBo-bp03zOQ93ggVQNJaVfGuxuSLnQ7M5k3C3DsJRw9bWEldmWSXX4ZQnymOgQ9oN4bj63u24p8JPy0nS-N0ut2tn-DAr2MrfHCWAtOq4ik5xlVFGQMShQeyWabjbIRspmchqRpFpjQEWU_KbCSfb7c9Dg3:1sBXGL:kIulOq6RYUPWEFofCxj3rY8Vqj6DP4Qr46NJDF-XBnI','2024-06-10 10:07:29.399969');
CREATE TABLE "item_item" ("id" integer NOT NULL PRIMARY KEY AUTOINCREMENT, "quantity" integer NOT NULL, "purchase_price" real NOT NULL, "purchase_date" date NOT NULL, "available" bool NOT NULL, "soldQuantity" integer NOT NULL, "product_id" bigint NOT NULL REFERENCES "product_product" ("id") DEFERRABLE INITIALLY DEFERRED, "responsible_id" integer NULL REFERENCES "auth_user" ("id") DEFERRABLE INITIALLY DEFERRED, "stock_id" bigint NOT NULL REFERENCES "warehouses_stock" ("id") DEFERRABLE INITIALLY DEFERRED);

CREATE TABLE "item_salesitem" ("id" integer NOT NULL PRIMARY KEY AUTOINCREMENT, "quantity" integer NOT NULL, "purchase_price" real NOT NULL, "sales_price" real NULL, "purchase_date" date NOT NULL, "sales_date" date NULL, "product_id" bigint NOT NULL REFERENCES "product_product" ("id") DEFERRABLE INITIALLY DEFERRED, "responsible_id" integer NULL REFERENCES "auth_user" ("id") DEFERRABLE INITIALLY DEFERRED, "stock_id" bigint NOT NULL REFERENCES "warehouses_stock" ("id") DEFERRABLE INITIALLY DEFERRED);

CREATE TABLE "product_product" ("id" integer NOT NULL PRIMARY KEY AUTOINCREMENT, "name" varchar(50) NOT NULL, "description" text NOT NULL, "vendor_code" varchar(50) NOT NULL, "quantity_rack" integer NOT NULL);

CREATE TABLE "user_app_profilemodel" ("id" integer NOT NULL PRIMARY KEY AUTOINCREMENT, "gender" varchar(1) NOT NULL, "dob" date NULL, "telegram_link" varchar(200) NULL UNIQUE, "user_avatar" varchar(100) NULL, "show_email" bool NOT NULL, "show_telegram" bool NOT NULL, "show_last_name" bool NOT NULL, "user_id" integer NOT NULL UNIQUE REFERENCES "auth_user" ("id") DEFERRABLE INITIALLY DEFERRED);

CREATE TABLE "warehouses_stock" ("id" integer NOT NULL PRIMARY KEY AUTOINCREMENT, "title" varchar(50) NOT NULL, "city" varchar(50) NOT NULL, "street" varchar(50) NOT NULL, "address" varchar(50) NOT NULL, "number_racks" integer NOT NULL, "occupancy_status" real NOT NULL);

CREATE UNIQUE INDEX "auth_group_permissions_group_id_permission_id_0cd325b0_uniq" ON "auth_group_permissions" ("group_id", "permission_id");
CREATE INDEX "auth_group_permissions_group_id_b120cbf9" ON "auth_group_permissions" ("group_id");
CREATE INDEX "auth_group_permissions_permission_id_84c5c92e" ON "auth_group_permissions" ("permission_id");
CREATE UNIQUE INDEX "auth_user_groups_user_id_group_id_94350c0c_uniq" ON "auth_user_groups" ("user_id", "group_id");
CREATE INDEX "auth_user_groups_user_id_6a12ed8b" ON "auth_user_groups" ("user_id");
CREATE INDEX "auth_user_groups_group_id_97559544" ON "auth_user_groups" ("group_id");
CREATE UNIQUE INDEX "auth_user_user_permissions_user_id_permission_id_14a6b632_uniq" ON "auth_user_user_permissions" ("user_id", "permission_id");
CREATE INDEX "auth_user_user_permissions_user_id_a95ead1b" ON "auth_user_user_permissions" ("user_id");
CREATE INDEX "auth_user_user_permissions_permission_id_1fbb5f2c" ON "auth_user_user_permissions" ("permission_id");
CREATE INDEX "django_admin_log_content_type_id_c4bce8eb" ON "django_admin_log" ("content_type_id");
CREATE INDEX "django_admin_log_user_id_c564eba6" ON "django_admin_log" ("user_id");
CREATE UNIQUE INDEX "django_content_type_app_label_model_76bd3d3b_uniq" ON "django_content_type" ("app_label", "model");
CREATE UNIQUE INDEX "auth_permission_content_type_id_codename_01ab375a_uniq" ON "auth_permission" ("content_type_id", "codename");
CREATE INDEX "auth_permission_content_type_id_2f476e4b" ON "auth_permission" ("content_type_id");
CREATE INDEX "django_session_expire_date_a5c62663" ON "django_session" ("expire_date");
CREATE INDEX "item_item_product_id_83e41b73" ON "item_item" ("product_id");
CREATE INDEX "item_item_responsible_id_b5e1b08d" ON "item_item" ("responsible_id");
CREATE INDEX "item_item_stock_id_9207e908" ON "item_item" ("stock_id");
CREATE INDEX "item_salesitem_product_id_f9ba520a" ON "item_salesitem" ("product_id");
CREATE INDEX "item_salesitem_responsible_id_fe40fe39" ON "item_salesitem" ("responsible_id");
CREATE INDEX "item_salesitem_stock_id_8182d8eb" ON "item_salesitem" ("stock_id");
DELETE FROM "sqlite_sequence";
INSERT INTO "sqlite_sequence" VALUES('django_migrations',34);
INSERT INTO "sqlite_sequence" VALUES('django_admin_log',59);
INSERT INTO "sqlite_sequence" VALUES('django_content_type',12);
INSERT INTO "sqlite_sequence" VALUES('auth_permission',48);
INSERT INTO "sqlite_sequence" VALUES('auth_group',1);
INSERT INTO "sqlite_sequence" VALUES('auth_user',9);
INSERT INTO "sqlite_sequence" VALUES('warehouses_stock',8);
INSERT INTO "sqlite_sequence" VALUES('product_product',8);
INSERT INTO "sqlite_sequence" VALUES('auth_user_groups',1);
INSERT INTO "sqlite_sequence" VALUES('user_app_profilemodel',5);
INSERT INTO "sqlite_sequence" VALUES('item_item',15);
INSERT INTO "sqlite_sequence" VALUES('item_salesitem',26);
COMMIT;
